image_path,image_name,width,height,channels,aspect_ratio,file_size_mb,brightness,contrast,split
B. Disease Grading\1. Original Images\a. Training Set\IDRiD_001.jpg,IDRiD_001,4288,2848,3,1.5056179775280898,0.3907012939453125,62.90233,69.73316,train
B. Disease Grading\1. Original Images\a. Training Set\IDRiD_002.jpg,IDRiD_002,4288,2848,3,1.5056179775280898,0.3828439712524414,62.120453,68.319046,train
B. Disease Grading\1. Original Images\a. Training Set\IDRiD_003.jpg,IDRiD_003,4288,2848,3,1.5056179775280898,0.26811981201171875,49.1323,66.32324,train
B. Disease Grading\1. Original Images\a. Training Set\IDRiD_004.jpg,IDRiD_004,4288,2848,3,1.5056179775280898,0.37700939178466797,56.661983,58.358917,train
B. Disease Grading\1. Original Images\a. Training Set\IDRiD_005.jpg,IDRiD_005,4288,2848,3,1.5056179775280898,0.3750019073486328,68.073204,60.486744,train
B. Disease Grading\1. Original Images\a. Training Set\IDRiD_006.jpg,IDRiD_006,4288,2848,3,1.5056179775280898,0.38922977447509766,55.095604,56.404114,train
B. Disease Grading\1. Original Images\a. Training Set\IDRiD_007.jpg,IDRiD_007,4288,2848,3,1.5056179775280898,0.3697013854980469,51.12682,49.415684,train
B. Disease Grading\1. Original Images\a. Training Set\IDRiD_008.jpg,IDRiD_008,4288,2848,3,1.5056179775280898,0.40995025634765625,52.481632,50.455685,train
B. Disease Grading\1. Original Images\a. Training Set\IDRiD_009.jpg,IDRiD_009,4288,2848,3,1.5056179775280898,0.36625099182128906,45.015793,49.490963,train
B. Disease Grading\1. Original Images\a. Training Set\IDRiD_010.jpg,IDRiD_010,4288,2848,3,1.5056179775280898,0.3653726577758789,60.75048,72.90329,train
B. Disease Grading\1. Original Images\a. Training Set\IDRiD_011.jpg,IDRiD_011,4288,2848,3,1.5056179775280898,0.3599700927734375,53.08012,64.15777,train
B. Disease Grading\1. Original Images\a. Training Set\IDRiD_012.jpg,IDRiD_012,4288,2848,3,1.5056179775280898,0.38456058502197266,88.39202,71.99437,train
B. Disease Grading\1. Original Images\a. Training Set\IDRiD_013.jpg,IDRiD_013,4288,2848,3,1.5056179775280898,0.3624134063720703,85.28288,72.29324,train
B. Disease Grading\1. Original Images\a. Training Set\IDRiD_014.jpg,IDRiD_014,4288,2848,3,1.5056179775280898,0.26859569549560547,38.626343,51.35651,train
B. Disease Grading\1. Original Images\a. Training Set\IDRiD_015.jpg,IDRiD_015,4288,2848,3,1.5056179775280898,0.3690958023071289,62.774338,71.13493,train
B. Disease Grading\1. Original Images\a. Training Set\IDRiD_016.jpg,IDRiD_016,4288,2848,3,1.5056179775280898,0.27577781677246094,55.26958,68.65002,train
B. Disease Grading\1. Original Images\a. Training Set\IDRiD_017.jpg,IDRiD_017,4288,2848,3,1.5056179775280898,0.24068927764892578,57.25855,71.48103,train
B. Disease Grading\1. Original Images\a. Training Set\IDRiD_018.jpg,IDRiD_018,4288,2848,3,1.5056179775280898,0.23831748962402344,42.465996,56.30197,train
B. Disease Grading\1. Original Images\a. Training Set\IDRiD_019.jpg,IDRiD_019,4288,2848,3,1.5056179775280898,0.24626636505126953,34.674683,47.129692,train
B. Disease Grading\1. Original Images\a. Training Set\IDRiD_020.jpg,IDRiD_020,4288,2848,3,1.5056179775280898,0.3715791702270508,75.3679,71.8641,train
B. Disease Grading\1. Original Images\a. Training Set\IDRiD_021.jpg,IDRiD_021,4288,2848,3,1.5056179775280898,0.3674354553222656,74.90288,70.646324,train
B. Disease Grading\1. Original Images\a. Training Set\IDRiD_022.jpg,IDRiD_022,4288,2848,3,1.5056179775280898,0.3895120620727539,72.79948,66.653656,train
B. Disease Grading\1. Original Images\a. Training Set\IDRiD_023.jpg,IDRiD_023,4288,2848,3,1.5056179775280898,0.4142894744873047,58.613777,65.22642,train
B. Disease Grading\1. Original Images\a. Training Set\IDRiD_024.jpg,IDRiD_024,4288,2848,3,1.5056179775280898,0.4044675827026367,61.335674,68.0586,train
B. Disease Grading\1. Original Images\a. Training Set\IDRiD_025.jpg,IDRiD_025,4288,2848,3,1.5056179775280898,0.34114933013916016,38.747482,50.26776,train
B. Disease Grading\1. Original Images\a. Training Set\IDRiD_026.jpg,IDRiD_026,4288,2848,3,1.5056179775280898,0.33075714111328125,38.539608,50.877575,train
B. Disease Grading\1. Original Images\a. Training Set\IDRiD_027.jpg,IDRiD_027,4288,2848,3,1.5056179775280898,0.36491870880126953,55.61028,66.4635,train
B. Disease Grading\1. Original Images\a. Training Set\IDRiD_028.jpg,IDRiD_028,4288,2848,3,1.5056179775280898,0.3802976608276367,54.95186,65.261505,train
B. Disease Grading\1. Original Images\a. Training Set\IDRiD_029.jpg,IDRiD_029,4288,2848,3,1.5056179775280898,0.40030860900878906,56.322495,64.80588,train
B. Disease Grading\1. Original Images\a. Training Set\IDRiD_030.jpg,IDRiD_030,4288,2848,3,1.5056179775280898,0.25229835510253906,25.309362,32.76564,train
B. Disease Grading\1. Original Images\a. Training Set\IDRiD_031.jpg,IDRiD_031,4288,2848,3,1.5056179775280898,0.2798347473144531,54.766846,65.70038,train
B. Disease Grading\1. Original Images\a. Training Set\IDRiD_032.jpg,IDRiD_032,4288,2848,3,1.5056179775280898,0.3654346466064453,64.55851,68.88997,train
B. Disease Grading\1. Original Images\a. Training Set\IDRiD_033.jpg,IDRiD_033,4288,2848,3,1.5056179775280898,0.3700752258300781,67.97644,73.21297,train
B. Disease Grading\1. Original Images\a. Training Set\IDRiD_034.jpg,IDRiD_034,4288,2848,3,1.5056179775280898,0.39229679107666016,57.143154,63.20668,train
B. Disease Grading\1. Original Images\a. Training Set\IDRiD_035.jpg,IDRiD_035,4288,2848,3,1.5056179775280898,0.3685483932495117,43.471615,51.09965,train
B. Disease Grading\1. Original Images\a. Training Set\IDRiD_036.jpg,IDRiD_036,4288,2848,3,1.5056179775280898,0.350372314453125,75.19406,73.454735,train
B. Disease Grading\1. Original Images\a. Training Set\IDRiD_037.jpg,IDRiD_037,4288,2848,3,1.5056179775280898,0.35307884216308594,55.056026,66.16508,train
B. Disease Grading\1. Original Images\a. Training Set\IDRiD_038.jpg,IDRiD_038,4288,2848,3,1.5056179775280898,0.3575601577758789,82.355515,71.95371,train
B. Disease Grading\1. Original Images\a. Training Set\IDRiD_039.jpg,IDRiD_039,4288,2848,3,1.5056179775280898,0.4004173278808594,61.075745,67.57455,train
B. Disease Grading\1. Original Images\a. Training Set\IDRiD_040.jpg,IDRiD_040,4288,2848,3,1.5056179775280898,0.40055179595947266,63.60004,68.32851,train
B. Disease Grading\1. Original Images\a. Training Set\IDRiD_041.jpg,IDRiD_041,4288,2848,3,1.5056179775280898,0.28926849365234375,52.2957,65.89334,train
B. Disease Grading\1. Original Images\a. Training Set\IDRiD_042.jpg,IDRiD_042,4288,2848,3,1.5056179775280898,0.3105125427246094,53.799942,67.40606,train
B. Disease Grading\1. Original Images\a. Training Set\IDRiD_043.jpg,IDRiD_043,4288,2848,3,1.5056179775280898,0.3559141159057617,46.170753,53.795017,train
B. Disease Grading\1. Original Images\a. Training Set\IDRiD_044.jpg,IDRiD_044,4288,2848,3,1.5056179775280898,0.37657928466796875,52.13384,64.09351,train
B. Disease Grading\1. Original Images\a. Training Set\IDRiD_045.jpg,IDRiD_045,4288,2848,3,1.5056179775280898,0.38158702850341797,77.979996,71.27679,train
B. Disease Grading\1. Original Images\a. Training Set\IDRiD_046.jpg,IDRiD_046,4288,2848,3,1.5056179775280898,0.35213661193847656,86.79618,75.15592,train
B. Disease Grading\1. Original Images\a. Training Set\IDRiD_047.jpg,IDRiD_047,4288,2848,3,1.5056179775280898,0.3711824417114258,76.550354,64.08947,train
B. Disease Grading\1. Original Images\a. Training Set\IDRiD_048.jpg,IDRiD_048,4288,2848,3,1.5056179775280898,0.39636707305908203,59.10803,52.13888,train
B. Disease Grading\1. Original Images\a. Training Set\IDRiD_049.jpg,IDRiD_049,4288,2848,3,1.5056179775280898,0.3810606002807617,65.19653,69.90271,train
B. Disease Grading\1. Original Images\a. Training Set\IDRiD_050.jpg,IDRiD_050,4288,2848,3,1.5056179775280898,0.37734222412109375,67.669426,71.41013,train
B. Disease Grading\1. Original Images\a. Training Set\IDRiD_051.jpg,IDRiD_051,4288,2848,3,1.5056179775280898,0.3298807144165039,49.89555,61.999664,train
B. Disease Grading\1. Original Images\a. Training Set\IDRiD_052.jpg,IDRiD_052,4288,2848,3,1.5056179775280898,0.27170276641845703,46.903008,61.026085,train
B. Disease Grading\1. Original Images\a. Training Set\IDRiD_053.jpg,IDRiD_053,4288,2848,3,1.5056179775280898,0.4099540710449219,56.798763,60.454693,train
B. Disease Grading\1. Original Images\a. Training Set\IDRiD_054.jpg,IDRiD_054,4288,2848,3,1.5056179775280898,0.3686990737915039,63.835213,71.12358,train
B. Disease Grading\1. Original Images\a. Training Set\IDRiD_055.jpg,IDRiD_055,4288,2848,3,1.5056179775280898,0.36796092987060547,70.49943,63.794792,train
B. Disease Grading\1. Original Images\a. Training Set\IDRiD_056.jpg,IDRiD_056,4288,2848,3,1.5056179775280898,0.2747163772583008,40.02342,50.41237,train
B. Disease Grading\1. Original Images\a. Training Set\IDRiD_057.jpg,IDRiD_057,4288,2848,3,1.5056179775280898,0.4249534606933594,77.342316,63.6944,train
B. Disease Grading\1. Original Images\a. Training Set\IDRiD_058.jpg,IDRiD_058,4288,2848,3,1.5056179775280898,0.40300941467285156,52.177513,54.654457,train
B. Disease Grading\1. Original Images\a. Training Set\IDRiD_059.jpg,IDRiD_059,4288,2848,3,1.5056179775280898,0.32555294036865234,58.789654,73.70587,train
B. Disease Grading\1. Original Images\a. Training Set\IDRiD_060.jpg,IDRiD_060,4288,2848,3,1.5056179775280898,0.3864126205444336,85.352715,78.57267,train
B. Disease Grading\1. Original Images\a. Training Set\IDRiD_061.jpg,IDRiD_061,4288,2848,3,1.5056179775280898,0.3595094680786133,88.91331,76.15517,train
B. Disease Grading\1. Original Images\a. Training Set\IDRiD_062.jpg,IDRiD_062,4288,2848,3,1.5056179775280898,0.3881864547729492,66.38243,63.6784,train
B. Disease Grading\1. Original Images\a. Training Set\IDRiD_063.jpg,IDRiD_063,4288,2848,3,1.5056179775280898,0.3566131591796875,55.156864,67.29999,train
B. Disease Grading\1. Original Images\a. Training Set\IDRiD_064.jpg,IDRiD_064,4288,2848,3,1.5056179775280898,0.34766578674316406,55.722477,68.383705,train
B. Disease Grading\1. Original Images\a. Training Set\IDRiD_065.jpg,IDRiD_065,4288,2848,3,1.5056179775280898,0.3749990463256836,61.008476,69.754555,train
B. Disease Grading\1. Original Images\a. Training Set\IDRiD_066.jpg,IDRiD_066,4288,2848,3,1.5056179775280898,0.3983306884765625,68.07237,70.14531,train
B. Disease Grading\1. Original Images\a. Training Set\IDRiD_067.jpg,IDRiD_067,4288,2848,3,1.5056179775280898,0.3714313507080078,57.29705,60.93506,train
B. Disease Grading\1. Original Images\a. Training Set\IDRiD_068.jpg,IDRiD_068,4288,2848,3,1.5056179775280898,0.3698749542236328,52.412617,56.028496,train
B. Disease Grading\1. Original Images\a. Training Set\IDRiD_069.jpg,IDRiD_069,4288,2848,3,1.5056179775280898,0.3984375,58.764763,51.57917,train
B. Disease Grading\1. Original Images\a. Training Set\IDRiD_070.jpg,IDRiD_070,4288,2848,3,1.5056179775280898,0.3771686553955078,61.553574,62.747772,train
B. Disease Grading\1. Original Images\a. Training Set\IDRiD_071.jpg,IDRiD_071,4288,2848,3,1.5056179775280898,0.374237060546875,50.088646,55.846294,train
B. Disease Grading\1. Original Images\a. Training Set\IDRiD_072.jpg,IDRiD_072,4288,2848,3,1.5056179775280898,0.3847208023071289,49.2317,54.36241,train
B. Disease Grading\1. Original Images\a. Training Set\IDRiD_073.jpg,IDRiD_073,4288,2848,3,1.5056179775280898,0.37319374084472656,78.76553,82.20439,train
B. Disease Grading\1. Original Images\a. Training Set\IDRiD_074.jpg,IDRiD_074,4288,2848,3,1.5056179775280898,0.3761129379272461,62.20623,71.19196,train
B. Disease Grading\1. Original Images\a. Training Set\IDRiD_075.jpg,IDRiD_075,4288,2848,3,1.5056179775280898,0.3139991760253906,51.34249,62.699486,train
B. Disease Grading\1. Original Images\a. Training Set\IDRiD_076.jpg,IDRiD_076,4288,2848,3,1.5056179775280898,0.2843904495239258,50.34594,62.792183,train
B. Disease Grading\1. Original Images\a. Training Set\IDRiD_077.jpg,IDRiD_077,4288,2848,3,1.5056179775280898,0.3446474075317383,82.59492,83.08143,train
B. Disease Grading\1. Original Images\a. Training Set\IDRiD_078.jpg,IDRiD_078,4288,2848,3,1.5056179775280898,0.36252307891845703,86.83676,72.24583,train
B. Disease Grading\1. Original Images\a. Training Set\IDRiD_079.jpg,IDRiD_079,4288,2848,3,1.5056179775280898,0.4118785858154297,56.107365,64.8479,train
B. Disease Grading\1. Original Images\a. Training Set\IDRiD_080.jpg,IDRiD_080,4288,2848,3,1.5056179775280898,0.40451908111572266,56.039352,64.701965,train
B. Disease Grading\1. Original Images\a. Training Set\IDRiD_081.jpg,IDRiD_081,4288,2848,3,1.5056179775280898,0.32070159912109375,75.80644,74.26284,train
B. Disease Grading\1. Original Images\a. Training Set\IDRiD_082.jpg,IDRiD_082,4288,2848,3,1.5056179775280898,0.37450599670410156,73.34282,64.72437,train
B. Disease Grading\1. Original Images\a. Training Set\IDRiD_083.jpg,IDRiD_083,4288,2848,3,1.5056179775280898,0.36292171478271484,49.4583,60.76532,train
B. Disease Grading\1. Original Images\a. Training Set\IDRiD_084.jpg,IDRiD_084,4288,2848,3,1.5056179775280898,0.36995792388916016,46.055054,50.217747,train
B. Disease Grading\1. Original Images\a. Training Set\IDRiD_085.jpg,IDRiD_085,4288,2848,3,1.5056179775280898,0.35454654693603516,38.18337,42.420746,train
B. Disease Grading\1. Original Images\a. Training Set\IDRiD_086.jpg,IDRiD_086,4288,2848,3,1.5056179775280898,0.3360309600830078,38.429054,46.917007,train
B. Disease Grading\1. Original Images\a. Training Set\IDRiD_087.jpg,IDRiD_087,4288,2848,3,1.5056179775280898,0.3404693603515625,57.624977,66.83368,train
B. Disease Grading\1. Original Images\a. Training Set\IDRiD_088.jpg,IDRiD_088,4288,2848,3,1.5056179775280898,0.3737773895263672,56.135986,54.758194,train
B. Disease Grading\1. Original Images\a. Training Set\IDRiD_089.jpg,IDRiD_089,4288,2848,3,1.5056179775280898,0.2703828811645508,45.582027,58.668365,train
B. Disease Grading\1. Original Images\a. Training Set\IDRiD_090.jpg,IDRiD_090,4288,2848,3,1.5056179775280898,0.2800893783569336,44.790283,57.15592,train
B. Disease Grading\1. Original Images\a. Training Set\IDRiD_091.jpg,IDRiD_091,4288,2848,3,1.5056179775280898,0.37690258026123047,53.352806,63.06021,train
B. Disease Grading\1. Original Images\a. Training Set\IDRiD_092.jpg,IDRiD_092,4288,2848,3,1.5056179775280898,0.41457176208496094,54.7169,63.291058,train
B. Disease Grading\1. Original Images\a. Training Set\IDRiD_093.jpg,IDRiD_093,4288,2848,3,1.5056179775280898,0.39583492279052734,49.350574,58.19277,train
B. Disease Grading\1. Original Images\a. Training Set\IDRiD_094.jpg,IDRiD_094,4288,2848,3,1.5056179775280898,0.36693477630615234,47.773724,57.931797,train
B. Disease Grading\1. Original Images\a. Training Set\IDRiD_095.jpg,IDRiD_095,4288,2848,3,1.5056179775280898,0.34942150115966797,84.49568,77.417015,train
B. Disease Grading\1. Original Images\a. Training Set\IDRiD_096.jpg,IDRiD_096,4288,2848,3,1.5056179775280898,0.3694143295288086,57.804764,62.408978,train
B. Disease Grading\1. Original Images\a. Training Set\IDRiD_097.jpg,IDRiD_097,4288,2848,3,1.5056179775280898,0.35767078399658203,80.89408,71.16588,train
B. Disease Grading\1. Original Images\a. Training Set\IDRiD_098.jpg,IDRiD_098,4288,2848,3,1.5056179775280898,0.31876373291015625,59.321075,71.571594,train
B. Disease Grading\1. Original Images\a. Training Set\IDRiD_099.jpg,IDRiD_099,4288,2848,3,1.5056179775280898,0.3162422180175781,59.385105,71.6697,train
B. Disease Grading\1. Original Images\a. Training Set\IDRiD_100.jpg,IDRiD_100,4288,2848,3,1.5056179775280898,0.3629312515258789,49.710884,58.042374,train
B. Disease Grading\1. Original Images\a. Training Set\IDRiD_101.jpg,IDRiD_101,4288,2848,3,1.5056179775280898,0.3901700973510742,64.83155,68.171,train
B. Disease Grading\1. Original Images\a. Training Set\IDRiD_102.jpg,IDRiD_102,4288,2848,3,1.5056179775280898,0.37172985076904297,73.62345,71.157036,train
B. Disease Grading\1. Original Images\a. Training Set\IDRiD_103.jpg,IDRiD_103,4288,2848,3,1.5056179775280898,0.37044620513916016,46.773476,51.593533,train
B. Disease Grading\1. Original Images\a. Training Set\IDRiD_104.jpg,IDRiD_104,4288,2848,3,1.5056179775280898,0.36809444427490234,60.7448,66.268,train
B. Disease Grading\1. Original Images\a. Training Set\IDRiD_105.jpg,IDRiD_105,4288,2848,3,1.5056179775280898,0.38405418395996094,58.342377,65.31243,train
B. Disease Grading\1. Original Images\a. Training Set\IDRiD_106.jpg,IDRiD_106,4288,2848,3,1.5056179775280898,0.33547306060791016,67.46439,83.029755,train
B. Disease Grading\1. Original Images\a. Training Set\IDRiD_107.jpg,IDRiD_107,4288,2848,3,1.5056179775280898,0.24707698822021484,51.10553,67.92921,train
B. Disease Grading\1. Original Images\a. Training Set\IDRiD_108.jpg,IDRiD_108,4288,2848,3,1.5056179775280898,0.37975215911865234,64.90305,69.3772,train
B. Disease Grading\1. Original Images\a. Training Set\IDRiD_109.jpg,IDRiD_109,4288,2848,3,1.5056179775280898,0.24774646759033203,64.01651,78.521034,train
B. Disease Grading\1. Original Images\a. Training Set\IDRiD_110.jpg,IDRiD_110,4288,2848,3,1.5056179775280898,0.25644493103027344,52.54369,65.029,train
B. Disease Grading\1. Original Images\a. Training Set\IDRiD_111.jpg,IDRiD_111,4288,2848,3,1.5056179775280898,0.22930526733398438,47.03361,61.07685,train
B. Disease Grading\1. Original Images\a. Training Set\IDRiD_112.jpg,IDRiD_112,4288,2848,3,1.5056179775280898,0.3894319534301758,60.887527,60.40951,train
B. Disease Grading\1. Original Images\a. Training Set\IDRiD_113.jpg,IDRiD_113,4288,2848,3,1.5056179775280898,0.3688678741455078,66.87832,62.3951,train
B. Disease Grading\1. Original Images\a. Training Set\IDRiD_114.jpg,IDRiD_114,4288,2848,3,1.5056179775280898,0.3659477233886719,55.505436,65.740555,train
B. Disease Grading\1. Original Images\a. Training Set\IDRiD_115.jpg,IDRiD_115,4288,2848,3,1.5056179775280898,0.38098907470703125,54.60859,57.45757,train
B. Disease Grading\1. Original Images\a. Training Set\IDRiD_116.jpg,IDRiD_116,4288,2848,3,1.5056179775280898,0.38664817810058594,76.86132,76.03355,train
B. Disease Grading\1. Original Images\a. Training Set\IDRiD_117.jpg,IDRiD_117,4288,2848,3,1.5056179775280898,0.3887805938720703,59.391727,65.58999,train
B. Disease Grading\1. Original Images\a. Training Set\IDRiD_118.jpg,IDRiD_118,4288,2848,3,1.5056179775280898,0.38795948028564453,57.85053,65.81975,train
B. Disease Grading\1. Original Images\a. Training Set\IDRiD_119.jpg,IDRiD_119,4288,2848,3,1.5056179775280898,0.37398624420166016,53.954365,60.833294,train
B. Disease Grading\1. Original Images\a. Training Set\IDRiD_120.jpg,IDRiD_120,4288,2848,3,1.5056179775280898,0.3800382614135742,58.222908,68.09095,train
B. Disease Grading\1. Original Images\a. Training Set\IDRiD_121.jpg,IDRiD_121,4288,2848,3,1.5056179775280898,0.38440895080566406,63.832726,62.71081,train
B. Disease Grading\1. Original Images\a. Training Set\IDRiD_122.jpg,IDRiD_122,4288,2848,3,1.5056179775280898,0.35236358642578125,40.69865,43.185658,train
B. Disease Grading\1. Original Images\a. Training Set\IDRiD_123.jpg,IDRiD_123,4288,2848,3,1.5056179775280898,0.38460826873779297,61.95417,66.806915,train
B. Disease Grading\1. Original Images\a. Training Set\IDRiD_124.jpg,IDRiD_124,4288,2848,3,1.5056179775280898,0.5979433059692383,28.843233,40.815834,train
B. Disease Grading\1. Original Images\a. Training Set\IDRiD_125.jpg,IDRiD_125,4288,2848,3,1.5056179775280898,0.37120723724365234,55.140995,62.876484,train
B. Disease Grading\1. Original Images\a. Training Set\IDRiD_126.jpg,IDRiD_126,4288,2848,3,1.5056179775280898,0.3868885040283203,59.721024,59.602177,train
B. Disease Grading\1. Original Images\a. Training Set\IDRiD_127.jpg,IDRiD_127,4288,2848,3,1.5056179775280898,0.2948923110961914,41.569786,52.882496,train
B. Disease Grading\1. Original Images\a. Training Set\IDRiD_128.jpg,IDRiD_128,4288,2848,3,1.5056179775280898,0.3747873306274414,72.94058,80.03978,train
B. Disease Grading\1. Original Images\a. Training Set\IDRiD_129.jpg,IDRiD_129,4288,2848,3,1.5056179775280898,0.3769969940185547,61.547543,69.551636,train
B. Disease Grading\1. Original Images\a. Training Set\IDRiD_130.jpg,IDRiD_130,4288,2848,3,1.5056179775280898,0.36450862884521484,40.860577,51.352875,train
B. Disease Grading\1. Original Images\a. Training Set\IDRiD_131.jpg,IDRiD_131,4288,2848,3,1.5056179775280898,0.3545570373535156,62.797096,74.161125,train
B. Disease Grading\1. Original Images\a. Training Set\IDRiD_132.jpg,IDRiD_132,4288,2848,3,1.5056179775280898,0.736846923828125,63.123672,69.35926,train
B. Disease Grading\1. Original Images\a. Training Set\IDRiD_133.jpg,IDRiD_133,4288,2848,3,1.5056179775280898,0.2782573699951172,64.05611,81.38207,train
B. Disease Grading\1. Original Images\a. Training Set\IDRiD_134.jpg,IDRiD_134,4288,2848,3,1.5056179775280898,0.39729976654052734,58.860928,57.640366,train
B. Disease Grading\1. Original Images\a. Training Set\IDRiD_135.jpg,IDRiD_135,4288,2848,3,1.5056179775280898,0.3797578811645508,60.43716,59.04719,train
B. Disease Grading\1. Original Images\a. Training Set\IDRiD_136.jpg,IDRiD_136,4288,2848,3,1.5056179775280898,0.26541900634765625,41.34686,52.973747,train
B. Disease Grading\1. Original Images\a. Training Set\IDRiD_137.jpg,IDRiD_137,4288,2848,3,1.5056179775280898,0.24262523651123047,43.468636,55.15958,train
B. Disease Grading\1. Original Images\a. Training Set\IDRiD_138.jpg,IDRiD_138,4288,2848,3,1.5056179775280898,0.3890371322631836,56.926434,56.63375,train
B. Disease Grading\1. Original Images\a. Training Set\IDRiD_139.jpg,IDRiD_139,4288,2848,3,1.5056179775280898,0.38509273529052734,45.76688,52.19675,train
B. Disease Grading\1. Original Images\a. Training Set\IDRiD_140.jpg,IDRiD_140,4288,2848,3,1.5056179775280898,0.38421058654785156,46.030117,52.5673,train
B. Disease Grading\1. Original Images\a. Training Set\IDRiD_141.jpg,IDRiD_141,4288,2848,3,1.5056179775280898,0.4018678665161133,70.23201,70.30248,train
B. Disease Grading\1. Original Images\a. Training Set\IDRiD_142.jpg,IDRiD_142,4288,2848,3,1.5056179775280898,0.39502811431884766,48.113796,49.807476,train
B. Disease Grading\1. Original Images\a. Training Set\IDRiD_143.jpg,IDRiD_143,4288,2848,3,1.5056179775280898,0.4011096954345703,46.858917,49.16073,train
B. Disease Grading\1. Original Images\a. Training Set\IDRiD_144.jpg,IDRiD_144,4288,2848,3,1.5056179775280898,0.41892337799072266,67.26898,58.786938,train
B. Disease Grading\1. Original Images\a. Training Set\IDRiD_145.jpg,IDRiD_145,4288,2848,3,1.5056179775280898,0.4164237976074219,48.567066,48.720024,train
B. Disease Grading\1. Original Images\a. Training Set\IDRiD_146.jpg,IDRiD_146,4288,2848,3,1.5056179775280898,0.34072017669677734,35.427418,36.085007,train
B. Disease Grading\1. Original Images\a. Training Set\IDRiD_147.jpg,IDRiD_147,4288,2848,3,1.5056179775280898,0.32854461669921875,32.732784,33.00932,train
B. Disease Grading\1. Original Images\a. Training Set\IDRiD_148.jpg,IDRiD_148,4288,2848,3,1.5056179775280898,0.3111543655395508,30.664057,31.829493,train
B. Disease Grading\1. Original Images\a. Training Set\IDRiD_149.jpg,IDRiD_149,4288,2848,3,1.5056179775280898,0.32824230194091797,32.585537,35.305653,train
B. Disease Grading\1. Original Images\a. Training Set\IDRiD_150.jpg,IDRiD_150,4288,2848,3,1.5056179775280898,0.36675071716308594,40.151123,45.411472,train
B. Disease Grading\1. Original Images\a. Training Set\IDRiD_151.jpg,IDRiD_151,4288,2848,3,1.5056179775280898,0.36506175994873047,41.62129,45.98177,train
B. Disease Grading\1. Original Images\a. Training Set\IDRiD_152.jpg,IDRiD_152,4288,2848,3,1.5056179775280898,0.36306285858154297,37.72643,46.285484,train
B. Disease Grading\1. Original Images\a. Training Set\IDRiD_153.jpg,IDRiD_153,4288,2848,3,1.5056179775280898,0.23856258392333984,37.260944,50.595493,train
B. Disease Grading\1. Original Images\a. Training Set\IDRiD_154.jpg,IDRiD_154,4288,2848,3,1.5056179775280898,0.24610614776611328,39.13324,51.89152,train
B. Disease Grading\1. Original Images\a. Training Set\IDRiD_155.jpg,IDRiD_155,4288,2848,3,1.5056179775280898,0.3611469268798828,35.718033,44.380093,train
B. Disease Grading\1. Original Images\a. Training Set\IDRiD_156.jpg,IDRiD_156,4288,2848,3,1.5056179775280898,0.7734861373901367,58.243755,58.12321,train
B. Disease Grading\1. Original Images\a. Training Set\IDRiD_157.jpg,IDRiD_157,4288,2848,3,1.5056179775280898,0.36870479583740234,39.89537,44.503155,train
B. Disease Grading\1. Original Images\a. Training Set\IDRiD_158.jpg,IDRiD_158,4288,2848,3,1.5056179775280898,0.7539033889770508,56.38898,57.115524,train
B. Disease Grading\1. Original Images\a. Training Set\IDRiD_159.jpg,IDRiD_159,4288,2848,3,1.5056179775280898,0.359466552734375,36.640373,39.185722,train
B. Disease Grading\1. Original Images\a. Training Set\IDRiD_160.jpg,IDRiD_160,4288,2848,3,1.5056179775280898,0.2682514190673828,45.590904,59.255264,train
B. Disease Grading\1. Original Images\a. Training Set\IDRiD_161.jpg,IDRiD_161,4288,2848,3,1.5056179775280898,0.3381156921386719,38.441864,44.0997,train
B. Disease Grading\1. Original Images\a. Training Set\IDRiD_162.jpg,IDRiD_162,4288,2848,3,1.5056179775280898,0.38889598846435547,85.69653,81.951706,train
B. Disease Grading\1. Original Images\a. Training Set\IDRiD_163.jpg,IDRiD_163,4288,2848,3,1.5056179775280898,0.3765544891357422,57.33962,61.22098,train
B. Disease Grading\1. Original Images\a. Training Set\IDRiD_164.jpg,IDRiD_164,4288,2848,3,1.5056179775280898,0.3558006286621094,57.353764,68.58449,train
B. Disease Grading\1. Original Images\a. Training Set\IDRiD_165.jpg,IDRiD_165,4288,2848,3,1.5056179775280898,0.3631763458251953,55.888645,67.428856,train
B. Disease Grading\1. Original Images\a. Training Set\IDRiD_166.jpg,IDRiD_166,4288,2848,3,1.5056179775280898,0.38295745849609375,47.644333,52.558495,train
B. Disease Grading\1. Original Images\a. Training Set\IDRiD_167.jpg,IDRiD_167,4288,2848,3,1.5056179775280898,0.37758731842041016,49.8746,53.497997,train
B. Disease Grading\1. Original Images\a. Training Set\IDRiD_168.jpg,IDRiD_168,4288,2848,3,1.5056179775280898,0.36736297607421875,36.226864,36.80831,train
B. Disease Grading\1. Original Images\a. Training Set\IDRiD_169.jpg,IDRiD_169,4288,2848,3,1.5056179775280898,0.38727855682373047,40.630478,42.806072,train
B. Disease Grading\1. Original Images\a. Training Set\IDRiD_170.jpg,IDRiD_170,4288,2848,3,1.5056179775280898,0.36652565002441406,35.16237,39.801422,train
B. Disease Grading\1. Original Images\a. Training Set\IDRiD_171.jpg,IDRiD_171,4288,2848,3,1.5056179775280898,0.35590648651123047,34.41283,40.75543,train
B. Disease Grading\1. Original Images\a. Training Set\IDRiD_172.jpg,IDRiD_172,4288,2848,3,1.5056179775280898,0.37371349334716797,48.138393,55.29632,train
B. Disease Grading\1. Original Images\a. Training Set\IDRiD_173.jpg,IDRiD_173,4288,2848,3,1.5056179775280898,0.36155128479003906,45.852795,53.645042,train
B. Disease Grading\1. Original Images\a. Training Set\IDRiD_174.jpg,IDRiD_174,4288,2848,3,1.5056179775280898,0.37661170959472656,40.801632,45.87571,train
B. Disease Grading\1. Original Images\a. Training Set\IDRiD_175.jpg,IDRiD_175,4288,2848,3,1.5056179775280898,0.3788490295410156,40.85116,46.20709,train
B. Disease Grading\1. Original Images\a. Training Set\IDRiD_176.jpg,IDRiD_176,4288,2848,3,1.5056179775280898,0.36620140075683594,45.861168,52.823517,train
B. Disease Grading\1. Original Images\a. Training Set\IDRiD_177.jpg,IDRiD_177,4288,2848,3,1.5056179775280898,0.7542057037353516,60.561317,64.58337,train
B. Disease Grading\1. Original Images\a. Training Set\IDRiD_178.jpg,IDRiD_178,4288,2848,3,1.5056179775280898,0.3750467300415039,60.95414,69.883354,train
B. Disease Grading\1. Original Images\a. Training Set\IDRiD_179.jpg,IDRiD_179,4288,2848,3,1.5056179775280898,0.3788719177246094,55.290783,53.073948,train
B. Disease Grading\1. Original Images\a. Training Set\IDRiD_180.jpg,IDRiD_180,4288,2848,3,1.5056179775280898,0.42311859130859375,67.31066,62.98354,train
B. Disease Grading\1. Original Images\a. Training Set\IDRiD_181.jpg,IDRiD_181,4288,2848,3,1.5056179775280898,0.3551959991455078,77.14806,74.01536,train
B. Disease Grading\1. Original Images\a. Training Set\IDRiD_182.jpg,IDRiD_182,4288,2848,3,1.5056179775280898,0.36684703826904297,50.30059,47.211365,train
B. Disease Grading\1. Original Images\a. Training Set\IDRiD_183.jpg,IDRiD_183,4288,2848,3,1.5056179775280898,0.3405313491821289,64.3813,75.0968,train
B. Disease Grading\1. Original Images\a. Training Set\IDRiD_184.jpg,IDRiD_184,4288,2848,3,1.5056179775280898,0.3606901168823242,47.320137,54.574505,train
B. Disease Grading\1. Original Images\a. Training Set\IDRiD_185.jpg,IDRiD_185,4288,2848,3,1.5056179775280898,0.4142923355102539,69.68808,61.008186,train
B. Disease Grading\1. Original Images\a. Training Set\IDRiD_186.jpg,IDRiD_186,4288,2848,3,1.5056179775280898,0.4300880432128906,61.33228,57.76004,train
B. Disease Grading\1. Original Images\a. Training Set\IDRiD_187.jpg,IDRiD_187,4288,2848,3,1.5056179775280898,0.3516807556152344,50.985756,60.464542,train
B. Disease Grading\1. Original Images\a. Training Set\IDRiD_188.jpg,IDRiD_188,4288,2848,3,1.5056179775280898,0.39937496185302734,60.511208,66.66638,train
B. Disease Grading\1. Original Images\a. Training Set\IDRiD_189.jpg,IDRiD_189,4288,2848,3,1.5056179775280898,0.35733795166015625,50.071404,57.9053,train
B. Disease Grading\1. Original Images\a. Training Set\IDRiD_190.jpg,IDRiD_190,4288,2848,3,1.5056179775280898,0.3753805160522461,70.65385,69.47905,train
B. Disease Grading\1. Original Images\a. Training Set\IDRiD_191.jpg,IDRiD_191,4288,2848,3,1.5056179775280898,0.32396888732910156,73.63308,87.66569,train
B. Disease Grading\1. Original Images\a. Training Set\IDRiD_192.jpg,IDRiD_192,4288,2848,3,1.5056179775280898,0.3457784652709961,71.60624,78.201584,train
B. Disease Grading\1. Original Images\a. Training Set\IDRiD_193.jpg,IDRiD_193,4288,2848,3,1.5056179775280898,0.4190664291381836,57.49553,57.636227,train
B. Disease Grading\1. Original Images\a. Training Set\IDRiD_194.jpg,IDRiD_194,4288,2848,3,1.5056179775280898,0.4077949523925781,55.36365,53.229233,train
B. Disease Grading\1. Original Images\a. Training Set\IDRiD_195.jpg,IDRiD_195,4288,2848,3,1.5056179775280898,0.4268970489501953,80.38613,73.66701,train
B. Disease Grading\1. Original Images\a. Training Set\IDRiD_196.jpg,IDRiD_196,4288,2848,3,1.5056179775280898,0.35715198516845703,75.18947,65.79404,train
B. Disease Grading\1. Original Images\a. Training Set\IDRiD_197.jpg,IDRiD_197,4288,2848,3,1.5056179775280898,0.39533519744873047,83.201035,71.03217,train
B. Disease Grading\1. Original Images\a. Training Set\IDRiD_198.jpg,IDRiD_198,4288,2848,3,1.5056179775280898,0.4397430419921875,58.177677,59.327778,train
B. Disease Grading\1. Original Images\a. Training Set\IDRiD_199.jpg,IDRiD_199,4288,2848,3,1.5056179775280898,0.42029857635498047,52.17778,55.036224,train
B. Disease Grading\1. Original Images\a. Training Set\IDRiD_200.jpg,IDRiD_200,4288,2848,3,1.5056179775280898,0.36748790740966797,45.434013,42.978985,train
B. Disease Grading\1. Original Images\a. Training Set\IDRiD_201.jpg,IDRiD_201,4288,2848,3,1.5056179775280898,0.42295074462890625,69.53585,68.67589,train
B. Disease Grading\1. Original Images\a. Training Set\IDRiD_202.jpg,IDRiD_202,4288,2848,3,1.5056179775280898,0.41404247283935547,71.58155,60.01604,train
B. Disease Grading\1. Original Images\a. Training Set\IDRiD_203.jpg,IDRiD_203,4288,2848,3,1.5056179775280898,0.3778505325317383,71.19351,70.31948,train
B. Disease Grading\1. Original Images\a. Training Set\IDRiD_204.jpg,IDRiD_204,4288,2848,3,1.5056179775280898,0.4453287124633789,66.30649,62.46148,train
B. Disease Grading\1. Original Images\a. Training Set\IDRiD_205.jpg,IDRiD_205,4288,2848,3,1.5056179775280898,0.494659423828125,65.80837,60.07808,train
B. Disease Grading\1. Original Images\a. Training Set\IDRiD_206.jpg,IDRiD_206,4288,2848,3,1.5056179775280898,0.3678874969482422,49.581905,59.588093,train
B. Disease Grading\1. Original Images\a. Training Set\IDRiD_207.jpg,IDRiD_207,4288,2848,3,1.5056179775280898,0.3671150207519531,76.06649,78.35824,train
B. Disease Grading\1. Original Images\a. Training Set\IDRiD_208.jpg,IDRiD_208,4288,2848,3,1.5056179775280898,0.35342979431152344,67.500656,76.6875,train
B. Disease Grading\1. Original Images\a. Training Set\IDRiD_209.jpg,IDRiD_209,4288,2848,3,1.5056179775280898,0.48045921325683594,66.59488,59.04071,train
B. Disease Grading\1. Original Images\a. Training Set\IDRiD_210.jpg,IDRiD_210,4288,2848,3,1.5056179775280898,0.4284648895263672,59.06195,58.854897,train
B. Disease Grading\1. Original Images\a. Training Set\IDRiD_211.jpg,IDRiD_211,4288,2848,3,1.5056179775280898,0.4244394302368164,57.59925,57.852905,train
B. Disease Grading\1. Original Images\a. Training Set\IDRiD_212.jpg,IDRiD_212,4288,2848,3,1.5056179775280898,0.4368143081665039,63.960052,57.80407,train
B. Disease Grading\1. Original Images\a. Training Set\IDRiD_213.jpg,IDRiD_213,4288,2848,3,1.5056179775280898,0.36919212341308594,81.67064,68.959755,train
B. Disease Grading\1. Original Images\a. Training Set\IDRiD_214.jpg,IDRiD_214,4288,2848,3,1.5056179775280898,0.3345603942871094,83.35026,78.76312,train
B. Disease Grading\1. Original Images\a. Training Set\IDRiD_215.jpg,IDRiD_215,4288,2848,3,1.5056179775280898,0.4257678985595703,50.07378,58.861317,train
B. Disease Grading\1. Original Images\a. Training Set\IDRiD_216.jpg,IDRiD_216,4288,2848,3,1.5056179775280898,0.33199596405029297,78.77593,73.75023,train
B. Disease Grading\1. Original Images\a. Training Set\IDRiD_217.jpg,IDRiD_217,4288,2848,3,1.5056179775280898,0.4140968322753906,73.64149,68.23052,train
B. Disease Grading\1. Original Images\a. Training Set\IDRiD_218.jpg,IDRiD_218,4288,2848,3,1.5056179775280898,0.4527759552001953,65.45693,65.08979,train
B. Disease Grading\1. Original Images\a. Training Set\IDRiD_219.jpg,IDRiD_219,4288,2848,3,1.5056179775280898,0.43157005310058594,66.35737,65.95081,train
B. Disease Grading\1. Original Images\a. Training Set\IDRiD_220.jpg,IDRiD_220,4288,2848,3,1.5056179775280898,0.3837432861328125,74.64288,74.88261,train
B. Disease Grading\1. Original Images\a. Training Set\IDRiD_221.jpg,IDRiD_221,4288,2848,3,1.5056179775280898,0.4503202438354492,60.67981,58.170753,train
B. Disease Grading\1. Original Images\a. Training Set\IDRiD_222.jpg,IDRiD_222,4288,2848,3,1.5056179775280898,0.4449577331542969,66.84877,61.988895,train
B. Disease Grading\1. Original Images\a. Training Set\IDRiD_223.jpg,IDRiD_223,4288,2848,3,1.5056179775280898,0.35169219970703125,34.929848,40.323513,train
B. Disease Grading\1. Original Images\a. Training Set\IDRiD_224.jpg,IDRiD_224,4288,2848,3,1.5056179775280898,0.3845062255859375,57.715733,68.30287,train
B. Disease Grading\1. Original Images\a. Training Set\IDRiD_225.jpg,IDRiD_225,4288,2848,3,1.5056179775280898,0.4710721969604492,60.01144,55.070824,train
B. Disease Grading\1. Original Images\a. Training Set\IDRiD_226.jpg,IDRiD_226,4288,2848,3,1.5056179775280898,0.43002796173095703,67.49315,66.59709,train
B. Disease Grading\1. Original Images\a. Training Set\IDRiD_227.jpg,IDRiD_227,4288,2848,3,1.5056179775280898,0.3807392120361328,66.02603,60.714474,train
B. Disease Grading\1. Original Images\a. Training Set\IDRiD_228.jpg,IDRiD_228,4288,2848,3,1.5056179775280898,0.3951091766357422,64.215126,60.33637,train
B. Disease Grading\1. Original Images\a. Training Set\IDRiD_229.jpg,IDRiD_229,4288,2848,3,1.5056179775280898,0.42067432403564453,69.57139,66.01517,train
B. Disease Grading\1. Original Images\a. Training Set\IDRiD_230.jpg,IDRiD_230,4288,2848,3,1.5056179775280898,0.42592525482177734,64.19117,59.199383,train
B. Disease Grading\1. Original Images\a. Training Set\IDRiD_231.jpg,IDRiD_231,4288,2848,3,1.5056179775280898,0.3815574645996094,70.4464,83.01917,train
B. Disease Grading\1. Original Images\a. Training Set\IDRiD_232.jpg,IDRiD_232,4288,2848,3,1.5056179775280898,0.37438392639160156,68.21102,81.8564,train
B. Disease Grading\1. Original Images\a. Training Set\IDRiD_233.jpg,IDRiD_233,4288,2848,3,1.5056179775280898,0.4801950454711914,64.613785,57.319324,train
B. Disease Grading\1. Original Images\a. Training Set\IDRiD_234.jpg,IDRiD_234,4288,2848,3,1.5056179775280898,0.4774599075317383,62.090496,55.672558,train
B. Disease Grading\1. Original Images\a. Training Set\IDRiD_235.jpg,IDRiD_235,4288,2848,3,1.5056179775280898,0.49948692321777344,62.415543,57.194103,train
B. Disease Grading\1. Original Images\a. Training Set\IDRiD_236.jpg,IDRiD_236,4288,2848,3,1.5056179775280898,0.3090534210205078,72.48684,88.235695,train
B. Disease Grading\1. Original Images\a. Training Set\IDRiD_237.jpg,IDRiD_237,4288,2848,3,1.5056179775280898,0.3106393814086914,73.52712,88.71079,train
B. Disease Grading\1. Original Images\a. Training Set\IDRiD_238.jpg,IDRiD_238,4288,2848,3,1.5056179775280898,0.4497957229614258,54.756428,52.064396,train
B. Disease Grading\1. Original Images\a. Training Set\IDRiD_239.jpg,IDRiD_239,4288,2848,3,1.5056179775280898,0.3757658004760742,53.84711,62.344463,train
B. Disease Grading\1. Original Images\a. Training Set\IDRiD_240.jpg,IDRiD_240,4288,2848,3,1.5056179775280898,0.3742504119873047,52.275955,61.155804,train
B. Disease Grading\1. Original Images\a. Training Set\IDRiD_241.jpg,IDRiD_241,4288,2848,3,1.5056179775280898,0.36702442169189453,75.35498,65.208275,train
B. Disease Grading\1. Original Images\a. Training Set\IDRiD_242.jpg,IDRiD_242,4288,2848,3,1.5056179775280898,0.39168548583984375,67.69762,78.54324,train
B. Disease Grading\1. Original Images\a. Training Set\IDRiD_243.jpg,IDRiD_243,4288,2848,3,1.5056179775280898,0.4367561340332031,67.470184,63.678448,train
B. Disease Grading\1. Original Images\a. Training Set\IDRiD_244.jpg,IDRiD_244,4288,2848,3,1.5056179775280898,0.4283132553100586,72.19828,66.4904,train
B. Disease Grading\1. Original Images\a. Training Set\IDRiD_245.jpg,IDRiD_245,4288,2848,3,1.5056179775280898,0.38646411895751953,65.48967,81.13295,train
B. Disease Grading\1. Original Images\a. Training Set\IDRiD_246.jpg,IDRiD_246,4288,2848,3,1.5056179775280898,0.38143157958984375,63.314495,77.01248,train
B. Disease Grading\1. Original Images\a. Training Set\IDRiD_247.jpg,IDRiD_247,4288,2848,3,1.5056179775280898,0.39777278900146484,72.36799,60.78603,train
B. Disease Grading\1. Original Images\a. Training Set\IDRiD_248.jpg,IDRiD_248,4288,2848,3,1.5056179775280898,0.38874149322509766,71.6353,60.664547,train
B. Disease Grading\1. Original Images\a. Training Set\IDRiD_249.jpg,IDRiD_249,4288,2848,3,1.5056179775280898,0.4355030059814453,74.38509,66.30803,train
B. Disease Grading\1. Original Images\a. Training Set\IDRiD_250.jpg,IDRiD_250,4288,2848,3,1.5056179775280898,0.4021749496459961,81.089165,67.96775,train
B. Disease Grading\1. Original Images\a. Training Set\IDRiD_251.jpg,IDRiD_251,4288,2848,3,1.5056179775280898,0.4402742385864258,66.93635,64.63789,train
B. Disease Grading\1. Original Images\a. Training Set\IDRiD_252.jpg,IDRiD_252,4288,2848,3,1.5056179775280898,0.4139213562011719,69.53549,63.96088,train
B. Disease Grading\1. Original Images\a. Training Set\IDRiD_253.jpg,IDRiD_253,4288,2848,3,1.5056179775280898,0.37499141693115234,77.10381,65.04097,train
B. Disease Grading\1. Original Images\a. Training Set\IDRiD_254.jpg,IDRiD_254,4288,2848,3,1.5056179775280898,0.3988065719604492,64.40577,69.32713,train
B. Disease Grading\1. Original Images\a. Training Set\IDRiD_255.jpg,IDRiD_255,4288,2848,3,1.5056179775280898,0.4520692825317383,61.61424,52.506737,train
B. Disease Grading\1. Original Images\a. Training Set\IDRiD_256.jpg,IDRiD_256,4288,2848,3,1.5056179775280898,0.4412364959716797,64.38373,59.104397,train
B. Disease Grading\1. Original Images\a. Training Set\IDRiD_257.jpg,IDRiD_257,4288,2848,3,1.5056179775280898,0.40964412689208984,53.446346,51.6606,train
B. Disease Grading\1. Original Images\a. Training Set\IDRiD_258.jpg,IDRiD_258,4288,2848,3,1.5056179775280898,0.38200950622558594,73.14168,64.22859,train
B. Disease Grading\1. Original Images\a. Training Set\IDRiD_259.jpg,IDRiD_259,4288,2848,3,1.5056179775280898,0.3765296936035156,92.33755,73.52582,train
B. Disease Grading\1. Original Images\a. Training Set\IDRiD_260.jpg,IDRiD_260,4288,2848,3,1.5056179775280898,0.43402862548828125,52.055744,55.670662,train
B. Disease Grading\1. Original Images\a. Training Set\IDRiD_261.jpg,IDRiD_261,4288,2848,3,1.5056179775280898,0.45475006103515625,57.848866,59.575188,train
B. Disease Grading\1. Original Images\a. Training Set\IDRiD_262.jpg,IDRiD_262,4288,2848,3,1.5056179775280898,0.41062259674072266,73.44159,76.290665,train
B. Disease Grading\1. Original Images\a. Training Set\IDRiD_263.jpg,IDRiD_263,4288,2848,3,1.5056179775280898,0.4233722686767578,68.61683,73.558716,train
B. Disease Grading\1. Original Images\a. Training Set\IDRiD_264.jpg,IDRiD_264,4288,2848,3,1.5056179775280898,0.45789432525634766,69.21296,57.410614,train
B. Disease Grading\1. Original Images\a. Training Set\IDRiD_265.jpg,IDRiD_265,4288,2848,3,1.5056179775280898,0.3702507019042969,75.41182,81.255165,train
B. Disease Grading\1. Original Images\a. Training Set\IDRiD_266.jpg,IDRiD_266,4288,2848,3,1.5056179775280898,0.3763446807861328,72.64112,79.797455,train
B. Disease Grading\1. Original Images\a. Training Set\IDRiD_267.jpg,IDRiD_267,4288,2848,3,1.5056179775280898,0.45152950286865234,57.225254,49.489273,train
B. Disease Grading\1. Original Images\a. Training Set\IDRiD_268.jpg,IDRiD_268,4288,2848,3,1.5056179775280898,0.4057960510253906,71.84597,76.08895,train
B. Disease Grading\1. Original Images\a. Training Set\IDRiD_269.jpg,IDRiD_269,4288,2848,3,1.5056179775280898,0.3889284133911133,52.954975,54.706024,train
B. Disease Grading\1. Original Images\a. Training Set\IDRiD_270.jpg,IDRiD_270,4288,2848,3,1.5056179775280898,0.38007259368896484,62.78813,63.85158,train
B. Disease Grading\1. Original Images\a. Training Set\IDRiD_271.jpg,IDRiD_271,4288,2848,3,1.5056179775280898,0.39020824432373047,53.5197,57.808815,train
B. Disease Grading\1. Original Images\a. Training Set\IDRiD_272.jpg,IDRiD_272,4288,2848,3,1.5056179775280898,0.42216014862060547,53.121017,60.284603,train
B. Disease Grading\1. Original Images\a. Training Set\IDRiD_273.jpg,IDRiD_273,4288,2848,3,1.5056179775280898,0.3771705627441406,75.388115,71.93863,train
B. Disease Grading\1. Original Images\a. Training Set\IDRiD_274.jpg,IDRiD_274,4288,2848,3,1.5056179775280898,0.2883291244506836,24.428745,27.814318,train
B. Disease Grading\1. Original Images\a. Training Set\IDRiD_275.jpg,IDRiD_275,4288,2848,3,1.5056179775280898,0.40895557403564453,71.58526,69.86385,train
B. Disease Grading\1. Original Images\a. Training Set\IDRiD_276.jpg,IDRiD_276,4288,2848,3,1.5056179775280898,0.4764842987060547,59.345688,54.77977,train
B. Disease Grading\1. Original Images\a. Training Set\IDRiD_277.jpg,IDRiD_277,4288,2848,3,1.5056179775280898,0.37462425231933594,63.97373,72.30985,train
B. Disease Grading\1. Original Images\a. Training Set\IDRiD_278.jpg,IDRiD_278,4288,2848,3,1.5056179775280898,0.3814678192138672,52.595722,60.46538,train
B. Disease Grading\1. Original Images\a. Training Set\IDRiD_279.jpg,IDRiD_279,4288,2848,3,1.5056179775280898,0.4118785858154297,56.107365,64.8479,train
B. Disease Grading\1. Original Images\a. Training Set\IDRiD_280.jpg,IDRiD_280,4288,2848,3,1.5056179775280898,0.41080665588378906,54.802765,61.622143,train
B. Disease Grading\1. Original Images\a. Training Set\IDRiD_281.jpg,IDRiD_281,4288,2848,3,1.5056179775280898,0.42140960693359375,54.54661,61.05132,train
B. Disease Grading\1. Original Images\a. Training Set\IDRiD_282.jpg,IDRiD_282,4288,2848,3,1.5056179775280898,0.38756752014160156,73.09132,84.97752,train
B. Disease Grading\1. Original Images\a. Training Set\IDRiD_283.jpg,IDRiD_283,4288,2848,3,1.5056179775280898,0.3910541534423828,63.66357,74.099976,train
B. Disease Grading\1. Original Images\a. Training Set\IDRiD_284.jpg,IDRiD_284,4288,2848,3,1.5056179775280898,0.3791313171386719,63.746857,70.673035,train
B. Disease Grading\1. Original Images\a. Training Set\IDRiD_285.jpg,IDRiD_285,4288,2848,3,1.5056179775280898,0.43256187438964844,63.333633,60.94373,train
B. Disease Grading\1. Original Images\a. Training Set\IDRiD_286.jpg,IDRiD_286,4288,2848,3,1.5056179775280898,0.41792774200439453,60.70841,58.405952,train
B. Disease Grading\1. Original Images\a. Training Set\IDRiD_287.jpg,IDRiD_287,4288,2848,3,1.5056179775280898,0.36333274841308594,68.03617,71.05425,train
B. Disease Grading\1. Original Images\a. Training Set\IDRiD_288.jpg,IDRiD_288,4288,2848,3,1.5056179775280898,0.3848237991333008,65.458694,69.67437,train
B. Disease Grading\1. Original Images\a. Training Set\IDRiD_289.jpg,IDRiD_289,4288,2848,3,1.5056179775280898,0.39495182037353516,71.304695,66.59858,train
B. Disease Grading\1. Original Images\a. Training Set\IDRiD_290.jpg,IDRiD_290,4288,2848,3,1.5056179775280898,0.4221343994140625,67.69806,65.60335,train
B. Disease Grading\1. Original Images\a. Training Set\IDRiD_291.jpg,IDRiD_291,4288,2848,3,1.5056179775280898,0.4514732360839844,67.29211,62.936256,train
B. Disease Grading\1. Original Images\a. Training Set\IDRiD_292.jpg,IDRiD_292,4288,2848,3,1.5056179775280898,0.4602689743041992,72.36006,62.8393,train
B. Disease Grading\1. Original Images\a. Training Set\IDRiD_293.jpg,IDRiD_293,4288,2848,3,1.5056179775280898,0.3657503128051758,67.7308,71.46214,train
B. Disease Grading\1. Original Images\a. Training Set\IDRiD_294.jpg,IDRiD_294,4288,2848,3,1.5056179775280898,0.3828468322753906,69.52971,72.70663,train
B. Disease Grading\1. Original Images\a. Training Set\IDRiD_295.jpg,IDRiD_295,4288,2848,3,1.5056179775280898,0.4523487091064453,65.43433,60.164223,train
B. Disease Grading\1. Original Images\a. Training Set\IDRiD_296.jpg,IDRiD_296,4288,2848,3,1.5056179775280898,0.4228944778442383,59.891045,48.54178,train
B. Disease Grading\1. Original Images\a. Training Set\IDRiD_297.jpg,IDRiD_297,4288,2848,3,1.5056179775280898,0.44609737396240234,70.01925,66.76901,train
B. Disease Grading\1. Original Images\a. Training Set\IDRiD_298.jpg,IDRiD_298,4288,2848,3,1.5056179775280898,0.4317340850830078,50.01478,50.50054,train
B. Disease Grading\1. Original Images\a. Training Set\IDRiD_299.jpg,IDRiD_299,4288,2848,3,1.5056179775280898,0.39606189727783203,64.52527,65.77677,train
B. Disease Grading\1. Original Images\a. Training Set\IDRiD_300.jpg,IDRiD_300,4288,2848,3,1.5056179775280898,0.4246673583984375,56.80024,60.124577,train
B. Disease Grading\1. Original Images\a. Training Set\IDRiD_301.jpg,IDRiD_301,4288,2848,3,1.5056179775280898,0.36958885192871094,64.549995,70.29228,train
B. Disease Grading\1. Original Images\a. Training Set\IDRiD_302.jpg,IDRiD_302,4288,2848,3,1.5056179775280898,0.3634366989135742,64.52545,69.314125,train
B. Disease Grading\1. Original Images\a. Training Set\IDRiD_303.jpg,IDRiD_303,4288,2848,3,1.5056179775280898,0.3775510787963867,77.8618,76.836365,train
B. Disease Grading\1. Original Images\a. Training Set\IDRiD_304.jpg,IDRiD_304,4288,2848,3,1.5056179775280898,0.3817281723022461,74.492485,79.18431,train
B. Disease Grading\1. Original Images\a. Training Set\IDRiD_305.jpg,IDRiD_305,4288,2848,3,1.5056179775280898,0.48208141326904297,72.81902,66.00728,train
B. Disease Grading\1. Original Images\a. Training Set\IDRiD_306.jpg,IDRiD_306,4288,2848,3,1.5056179775280898,0.4006690979003906,81.6316,73.91438,train
B. Disease Grading\1. Original Images\a. Training Set\IDRiD_307.jpg,IDRiD_307,4288,2848,3,1.5056179775280898,0.3708953857421875,76.32142,72.73148,train
B. Disease Grading\1. Original Images\a. Training Set\IDRiD_308.jpg,IDRiD_308,4288,2848,3,1.5056179775280898,0.41489315032958984,64.55922,67.40405,train
B. Disease Grading\1. Original Images\a. Training Set\IDRiD_309.jpg,IDRiD_309,4288,2848,3,1.5056179775280898,0.4151496887207031,62.74747,65.81883,train
B. Disease Grading\1. Original Images\a. Training Set\IDRiD_310.jpg,IDRiD_310,4288,2848,3,1.5056179775280898,0.38315677642822266,81.25902,70.93477,train
B. Disease Grading\1. Original Images\a. Training Set\IDRiD_311.jpg,IDRiD_311,4288,2848,3,1.5056179775280898,0.40343570709228516,72.585205,63.912594,train
B. Disease Grading\1. Original Images\a. Training Set\IDRiD_312.jpg,IDRiD_312,4288,2848,3,1.5056179775280898,0.46150779724121094,61.969353,53.696163,train
B. Disease Grading\1. Original Images\a. Training Set\IDRiD_313.jpg,IDRiD_313,4288,2848,3,1.5056179775280898,0.3768777847290039,68.379234,75.14495,train
B. Disease Grading\1. Original Images\a. Training Set\IDRiD_314.jpg,IDRiD_314,4288,2848,3,1.5056179775280898,0.37963294982910156,62.298054,69.68884,train
B. Disease Grading\1. Original Images\a. Training Set\IDRiD_315.jpg,IDRiD_315,4288,2848,3,1.5056179775280898,0.40300464630126953,65.53301,61.9763,train
B. Disease Grading\1. Original Images\a. Training Set\IDRiD_316.jpg,IDRiD_316,4288,2848,3,1.5056179775280898,0.39852333068847656,72.64812,74.30745,train
B. Disease Grading\1. Original Images\a. Training Set\IDRiD_317.jpg,IDRiD_317,4288,2848,3,1.5056179775280898,0.4030017852783203,69.13924,72.43917,train
B. Disease Grading\1. Original Images\a. Training Set\IDRiD_318.jpg,IDRiD_318,4288,2848,3,1.5056179775280898,0.43415069580078125,60.726803,59.017166,train
B. Disease Grading\1. Original Images\a. Training Set\IDRiD_319.jpg,IDRiD_319,4288,2848,3,1.5056179775280898,0.3825054168701172,63.38026,72.66101,train
B. Disease Grading\1. Original Images\a. Training Set\IDRiD_320.jpg,IDRiD_320,4288,2848,3,1.5056179775280898,0.3027839660644531,49.455704,62.152103,train
B. Disease Grading\1. Original Images\a. Training Set\IDRiD_321.jpg,IDRiD_321,4288,2848,3,1.5056179775280898,0.2844839096069336,49.462643,62.7548,train
B. Disease Grading\1. Original Images\a. Training Set\IDRiD_322.jpg,IDRiD_322,4288,2848,3,1.5056179775280898,0.3177032470703125,47.873074,62.026974,train
B. Disease Grading\1. Original Images\a. Training Set\IDRiD_323.jpg,IDRiD_323,4288,2848,3,1.5056179775280898,0.3663444519042969,57.11703,63.32461,train
B. Disease Grading\1. Original Images\a. Training Set\IDRiD_324.jpg,IDRiD_324,4288,2848,3,1.5056179775280898,0.37503528594970703,53.506203,60.464912,train
B. Disease Grading\1. Original Images\a. Training Set\IDRiD_325.jpg,IDRiD_325,4288,2848,3,1.5056179775280898,0.41558265686035156,77.79888,66.80136,train
B. Disease Grading\1. Original Images\a. Training Set\IDRiD_326.jpg,IDRiD_326,4288,2848,3,1.5056179775280898,0.4423980712890625,73.43748,67.49149,train
B. Disease Grading\1. Original Images\a. Training Set\IDRiD_327.jpg,IDRiD_327,4288,2848,3,1.5056179775280898,0.3802976608276367,54.95186,65.261505,train
B. Disease Grading\1. Original Images\a. Training Set\IDRiD_328.jpg,IDRiD_328,4288,2848,3,1.5056179775280898,0.40073394775390625,50.35125,58.89126,train
B. Disease Grading\1. Original Images\a. Training Set\IDRiD_329.jpg,IDRiD_329,4288,2848,3,1.5056179775280898,0.40621471405029297,69.83249,72.63366,train
B. Disease Grading\1. Original Images\a. Training Set\IDRiD_330.jpg,IDRiD_330,4288,2848,3,1.5056179775280898,0.3972358703613281,68.637924,73.61463,train
B. Disease Grading\1. Original Images\a. Training Set\IDRiD_331.jpg,IDRiD_331,4288,2848,3,1.5056179775280898,0.4191274642944336,71.664116,63.89687,train
B. Disease Grading\1. Original Images\a. Training Set\IDRiD_332.jpg,IDRiD_332,4288,2848,3,1.5056179775280898,0.3294210433959961,59.428455,72.61461,train
B. Disease Grading\1. Original Images\a. Training Set\IDRiD_333.jpg,IDRiD_333,4288,2848,3,1.5056179775280898,0.38158702850341797,77.979996,71.27679,train
B. Disease Grading\1. Original Images\a. Training Set\IDRiD_334.jpg,IDRiD_334,4288,2848,3,1.5056179775280898,0.3800163269042969,63.618633,71.55472,train
B. Disease Grading\1. Original Images\a. Training Set\IDRiD_335.jpg,IDRiD_335,4288,2848,3,1.5056179775280898,0.3739461898803711,88.86264,74.080444,train
B. Disease Grading\1. Original Images\a. Training Set\IDRiD_336.jpg,IDRiD_336,4288,2848,3,1.5056179775280898,0.36319541931152344,38.033844,43.29085,train
B. Disease Grading\1. Original Images\a. Training Set\IDRiD_337.jpg,IDRiD_337,4288,2848,3,1.5056179775280898,0.3494691848754883,47.12569,53.58291,train
B. Disease Grading\1. Original Images\a. Training Set\IDRiD_338.jpg,IDRiD_338,4288,2848,3,1.5056179775280898,0.37871360778808594,53.776722,64.50614,train
B. Disease Grading\1. Original Images\a. Training Set\IDRiD_339.jpg,IDRiD_339,4288,2848,3,1.5056179775280898,0.4063835144042969,53.14444,59.89293,train
B. Disease Grading\1. Original Images\a. Training Set\IDRiD_340.jpg,IDRiD_340,4288,2848,3,1.5056179775280898,0.3768320083618164,64.84954,65.63951,train
B. Disease Grading\1. Original Images\a. Training Set\IDRiD_341.jpg,IDRiD_341,4288,2848,3,1.5056179775280898,0.3665151596069336,54.450016,64.420944,train
B. Disease Grading\1. Original Images\a. Training Set\IDRiD_342.jpg,IDRiD_342,4288,2848,3,1.5056179775280898,0.39455509185791016,78.18983,71.20545,train
B. Disease Grading\1. Original Images\a. Training Set\IDRiD_343.jpg,IDRiD_343,4288,2848,3,1.5056179775280898,0.3857240676879883,48.872158,56.315956,train
B. Disease Grading\1. Original Images\a. Training Set\IDRiD_344.jpg,IDRiD_344,4288,2848,3,1.5056179775280898,0.41616153717041016,66.697716,70.98243,train
B. Disease Grading\1. Original Images\a. Training Set\IDRiD_345.jpg,IDRiD_345,4288,2848,3,1.5056179775280898,0.4615440368652344,58.330105,57.102142,train
B. Disease Grading\1. Original Images\a. Training Set\IDRiD_346.jpg,IDRiD_346,4288,2848,3,1.5056179775280898,0.39784908294677734,43.72026,47.99354,train
B. Disease Grading\1. Original Images\a. Training Set\IDRiD_347.jpg,IDRiD_347,4288,2848,3,1.5056179775280898,0.3950004577636719,60.438267,70.71091,train
B. Disease Grading\1. Original Images\a. Training Set\IDRiD_348.jpg,IDRiD_348,4288,2848,3,1.5056179775280898,0.3642749786376953,64.81219,76.05717,train
B. Disease Grading\1. Original Images\a. Training Set\IDRiD_349.jpg,IDRiD_349,4288,2848,3,1.5056179775280898,0.4125499725341797,56.75942,62.696545,train
B. Disease Grading\1. Original Images\a. Training Set\IDRiD_350.jpg,IDRiD_350,4288,2848,3,1.5056179775280898,0.39282894134521484,51.906303,58.489647,train
B. Disease Grading\1. Original Images\a. Training Set\IDRiD_351.jpg,IDRiD_351,4288,2848,3,1.5056179775280898,0.3767385482788086,71.55991,70.09146,train
B. Disease Grading\1. Original Images\a. Training Set\IDRiD_352.jpg,IDRiD_352,4288,2848,3,1.5056179775280898,0.3691558837890625,56.720783,59.66546,train
B. Disease Grading\1. Original Images\a. Training Set\IDRiD_353.jpg,IDRiD_353,4288,2848,3,1.5056179775280898,0.3973064422607422,61.504383,60.121346,train
B. Disease Grading\1. Original Images\a. Training Set\IDRiD_354.jpg,IDRiD_354,4288,2848,3,1.5056179775280898,0.38732433319091797,80.33266,82.123726,train
B. Disease Grading\1. Original Images\a. Training Set\IDRiD_355.jpg,IDRiD_355,4288,2848,3,1.5056179775280898,0.3794136047363281,77.701965,70.03396,train
B. Disease Grading\1. Original Images\a. Training Set\IDRiD_356.jpg,IDRiD_356,4288,2848,3,1.5056179775280898,0.37335777282714844,60.477905,71.56025,train
B. Disease Grading\1. Original Images\a. Training Set\IDRiD_357.jpg,IDRiD_357,4288,2848,3,1.5056179775280898,0.3265047073364258,67.775635,81.88321,train
B. Disease Grading\1. Original Images\a. Training Set\IDRiD_358.jpg,IDRiD_358,4288,2848,3,1.5056179775280898,0.3938150405883789,43.725693,47.012375,train
B. Disease Grading\1. Original Images\a. Training Set\IDRiD_359.jpg,IDRiD_359,4288,2848,3,1.5056179775280898,0.36072540283203125,72.05075,82.092735,train
B. Disease Grading\1. Original Images\a. Training Set\IDRiD_360.jpg,IDRiD_360,4288,2848,3,1.5056179775280898,0.38022613525390625,50.19286,53.596455,train
B. Disease Grading\1. Original Images\a. Training Set\IDRiD_361.jpg,IDRiD_361,4288,2848,3,1.5056179775280898,0.36132335662841797,63.526657,75.483505,train
B. Disease Grading\1. Original Images\a. Training Set\IDRiD_362.jpg,IDRiD_362,4288,2848,3,1.5056179775280898,0.3815441131591797,73.833824,75.48308,train
B. Disease Grading\1. Original Images\a. Training Set\IDRiD_363.jpg,IDRiD_363,4288,2848,3,1.5056179775280898,0.25238704681396484,71.33625,85.584045,train
B. Disease Grading\1. Original Images\a. Training Set\IDRiD_364.jpg,IDRiD_364,4288,2848,3,1.5056179775280898,0.2635984420776367,72.46921,86.25108,train
B. Disease Grading\1. Original Images\a. Training Set\IDRiD_365.jpg,IDRiD_365,4288,2848,3,1.5056179775280898,0.43285369873046875,62.8004,58.736958,train
B. Disease Grading\1. Original Images\a. Training Set\IDRiD_366.jpg,IDRiD_366,4288,2848,3,1.5056179775280898,0.26562976837158203,40.41832,54.073383,train
B. Disease Grading\1. Original Images\a. Training Set\IDRiD_367.jpg,IDRiD_367,4288,2848,3,1.5056179775280898,0.3902149200439453,82.37702,73.5574,train
B. Disease Grading\1. Original Images\a. Training Set\IDRiD_368.jpg,IDRiD_368,4288,2848,3,1.5056179775280898,0.3944816589355469,90.58542,77.510796,train
B. Disease Grading\1. Original Images\a. Training Set\IDRiD_369.jpg,IDRiD_369,4288,2848,3,1.5056179775280898,0.3999290466308594,68.962456,69.03448,train
B. Disease Grading\1. Original Images\a. Training Set\IDRiD_370.jpg,IDRiD_370,4288,2848,3,1.5056179775280898,0.4049949645996094,61.771584,64.585594,train
B. Disease Grading\1. Original Images\a. Training Set\IDRiD_371.jpg,IDRiD_371,4288,2848,3,1.5056179775280898,0.4058103561401367,68.6279,65.78492,train
B. Disease Grading\1. Original Images\a. Training Set\IDRiD_372.jpg,IDRiD_372,4288,2848,3,1.5056179775280898,0.3730020523071289,66.022736,61.198208,train
B. Disease Grading\1. Original Images\a. Training Set\IDRiD_373.jpg,IDRiD_373,4288,2848,3,1.5056179775280898,0.3696622848510742,67.39166,69.12885,train
B. Disease Grading\1. Original Images\a. Training Set\IDRiD_374.jpg,IDRiD_374,4288,2848,3,1.5056179775280898,0.39026451110839844,47.97967,41.120926,train
B. Disease Grading\1. Original Images\a. Training Set\IDRiD_375.jpg,IDRiD_375,4288,2848,3,1.5056179775280898,0.37319374084472656,78.76553,82.20439,train
B. Disease Grading\1. Original Images\a. Training Set\IDRiD_376.jpg,IDRiD_376,4288,2848,3,1.5056179775280898,0.3905935287475586,77.800545,76.50252,train
B. Disease Grading\1. Original Images\a. Training Set\IDRiD_377.jpg,IDRiD_377,4288,2848,3,1.5056179775280898,0.39824485778808594,61.05184,64.78579,train
B. Disease Grading\1. Original Images\a. Training Set\IDRiD_378.jpg,IDRiD_378,4288,2848,3,1.5056179775280898,0.37447261810302734,46.123867,55.549313,train
B. Disease Grading\1. Original Images\a. Training Set\IDRiD_379.jpg,IDRiD_379,4288,2848,3,1.5056179775280898,0.41895008087158203,55.799595,58.06161,train
B. Disease Grading\1. Original Images\a. Training Set\IDRiD_380.jpg,IDRiD_380,4288,2848,3,1.5056179775280898,0.38323974609375,76.7951,85.11986,train
B. Disease Grading\1. Original Images\a. Training Set\IDRiD_381.jpg,IDRiD_381,4288,2848,3,1.5056179775280898,0.3948516845703125,72.108696,75.568115,train
B. Disease Grading\1. Original Images\a. Training Set\IDRiD_382.jpg,IDRiD_382,4288,2848,3,1.5056179775280898,0.39051342010498047,79.86425,75.872536,train
B. Disease Grading\1. Original Images\a. Training Set\IDRiD_383.jpg,IDRiD_383,4288,2848,3,1.5056179775280898,0.40950679779052734,69.71959,57.78396,train
B. Disease Grading\1. Original Images\a. Training Set\IDRiD_384.jpg,IDRiD_384,4288,2848,3,1.5056179775280898,0.4189901351928711,51.63401,49.37531,train
B. Disease Grading\1. Original Images\a. Training Set\IDRiD_385.jpg,IDRiD_385,4288,2848,3,1.5056179775280898,0.36493873596191406,70.05613,78.76793,train
B. Disease Grading\1. Original Images\a. Training Set\IDRiD_386.jpg,IDRiD_386,4288,2848,3,1.5056179775280898,0.39084339141845703,67.82414,62.23261,train
B. Disease Grading\1. Original Images\a. Training Set\IDRiD_387.jpg,IDRiD_387,4288,2848,3,1.5056179775280898,0.3899688720703125,57.27221,61.54691,train
B. Disease Grading\1. Original Images\a. Training Set\IDRiD_388.jpg,IDRiD_388,4288,2848,3,1.5056179775280898,0.38290882110595703,71.397545,63.74581,train
B. Disease Grading\1. Original Images\a. Training Set\IDRiD_389.jpg,IDRiD_389,4288,2848,3,1.5056179775280898,0.37753772735595703,45.85538,49.388733,train
B. Disease Grading\1. Original Images\a. Training Set\IDRiD_390.jpg,IDRiD_390,4288,2848,3,1.5056179775280898,0.3769550323486328,46.989265,52.9082,train
B. Disease Grading\1. Original Images\a. Training Set\IDRiD_391.jpg,IDRiD_391,4288,2848,3,1.5056179775280898,0.3674354553222656,74.90288,70.646324,train
B. Disease Grading\1. Original Images\a. Training Set\IDRiD_392.jpg,IDRiD_392,4288,2848,3,1.5056179775280898,0.35458946228027344,57.959694,68.56586,train
B. Disease Grading\1. Original Images\a. Training Set\IDRiD_393.jpg,IDRiD_393,4288,2848,3,1.5056179775280898,0.3793201446533203,69.68828,76.92718,train
B. Disease Grading\1. Original Images\a. Training Set\IDRiD_394.jpg,IDRiD_394,4288,2848,3,1.5056179775280898,0.39631175994873047,56.039215,64.04534,train
B. Disease Grading\1. Original Images\a. Training Set\IDRiD_395.jpg,IDRiD_395,4288,2848,3,1.5056179775280898,0.3891010284423828,74.976974,70.833725,train
B. Disease Grading\1. Original Images\a. Training Set\IDRiD_396.jpg,IDRiD_396,4288,2848,3,1.5056179775280898,0.7711019515991211,64.07725,67.68604,train
B. Disease Grading\1. Original Images\a. Training Set\IDRiD_397.jpg,IDRiD_397,4288,2848,3,1.5056179775280898,0.3690042495727539,46.493896,49.929424,train
B. Disease Grading\1. Original Images\a. Training Set\IDRiD_398.jpg,IDRiD_398,4288,2848,3,1.5056179775280898,0.3565216064453125,58.1262,68.161766,train
B. Disease Grading\1. Original Images\a. Training Set\IDRiD_399.jpg,IDRiD_399,4288,2848,3,1.5056179775280898,0.3937492370605469,73.93234,65.80931,train
B. Disease Grading\1. Original Images\a. Training Set\IDRiD_400.jpg,IDRiD_400,4288,2848,3,1.5056179775280898,0.4059925079345703,73.12842,66.72576,train
B. Disease Grading\1. Original Images\a. Training Set\IDRiD_401.jpg,IDRiD_401,4288,2848,3,1.5056179775280898,0.3689136505126953,68.03399,68.47088,train
B. Disease Grading\1. Original Images\a. Training Set\IDRiD_402.jpg,IDRiD_402,4288,2848,3,1.5056179775280898,0.3935689926147461,72.68449,67.01402,train
B. Disease Grading\1. Original Images\a. Training Set\IDRiD_403.jpg,IDRiD_403,4288,2848,3,1.5056179775280898,0.39528369903564453,75.41767,70.26069,train
B. Disease Grading\1. Original Images\a. Training Set\IDRiD_404.jpg,IDRiD_404,4288,2848,3,1.5056179775280898,0.35009002685546875,88.50548,77.82327,train
B. Disease Grading\1. Original Images\a. Training Set\IDRiD_405.jpg,IDRiD_405,4288,2848,3,1.5056179775280898,0.35968875885009766,74.20807,78.5389,train
B. Disease Grading\1. Original Images\a. Training Set\IDRiD_406.jpg,IDRiD_406,4288,2848,3,1.5056179775280898,0.39405250549316406,55.7675,57.16044,train
B. Disease Grading\1. Original Images\a. Training Set\IDRiD_407.jpg,IDRiD_407,4288,2848,3,1.5056179775280898,0.36778736114501953,68.95791,68.47217,train
B. Disease Grading\1. Original Images\a. Training Set\IDRiD_408.jpg,IDRiD_408,4288,2848,3,1.5056179775280898,0.38535213470458984,66.896706,67.13232,train
B. Disease Grading\1. Original Images\a. Training Set\IDRiD_409.jpg,IDRiD_409,4288,2848,3,1.5056179775280898,0.35494327545166016,67.02191,70.032364,train
B. Disease Grading\1. Original Images\a. Training Set\IDRiD_410.jpg,IDRiD_410,4288,2848,3,1.5056179775280898,0.37131690979003906,55.759003,65.50331,train
B. Disease Grading\1. Original Images\a. Training Set\IDRiD_411.jpg,IDRiD_411,4288,2848,3,1.5056179775280898,0.38658809661865234,59.176826,68.03283,train
B. Disease Grading\1. Original Images\a. Training Set\IDRiD_412.jpg,IDRiD_412,4288,2848,3,1.5056179775280898,0.3934488296508789,55.80607,62.363712,train
B. Disease Grading\1. Original Images\a. Training Set\IDRiD_413.jpg,IDRiD_413,4288,2848,3,1.5056179775280898,0.7304792404174805,47.423237,51.723785,train
B. Disease Grading\1. Original Images\b. Testing Set\IDRiD_001.jpg,IDRiD_001,4288,2848,3,1.5056179775280898,0.22353172302246094,24.975094,33.174767,test
B. Disease Grading\1. Original Images\b. Testing Set\IDRiD_002.jpg,IDRiD_002,4288,2848,3,1.5056179775280898,0.2932243347167969,37.694702,49.336575,test
B. Disease Grading\1. Original Images\b. Testing Set\IDRiD_003.jpg,IDRiD_003,4288,2848,3,1.5056179775280898,0.3295764923095703,47.143295,59.0425,test
B. Disease Grading\1. Original Images\b. Testing Set\IDRiD_004.jpg,IDRiD_004,4288,2848,3,1.5056179775280898,0.4302663803100586,61.20141,55.278206,test
B. Disease Grading\1. Original Images\b. Testing Set\IDRiD_005.jpg,IDRiD_005,4288,2848,3,1.5056179775280898,0.3570566177368164,40.358852,41.255817,test
B. Disease Grading\1. Original Images\b. Testing Set\IDRiD_006.jpg,IDRiD_006,4288,2848,3,1.5056179775280898,0.40103816986083984,56.95196,55.91447,test
B. Disease Grading\1. Original Images\b. Testing Set\IDRiD_007.jpg,IDRiD_007,4288,2848,3,1.5056179775280898,0.36568164825439453,57.232067,68.7248,test
B. Disease Grading\1. Original Images\b. Testing Set\IDRiD_008.jpg,IDRiD_008,4288,2848,3,1.5056179775280898,0.37639808654785156,67.06549,65.99175,test
B. Disease Grading\1. Original Images\b. Testing Set\IDRiD_009.jpg,IDRiD_009,4288,2848,3,1.5056179775280898,0.27089786529541016,47.49955,61.86487,test
B. Disease Grading\1. Original Images\b. Testing Set\IDRiD_010.jpg,IDRiD_010,4288,2848,3,1.5056179775280898,0.39969825744628906,66.70096,58.207355,test
B. Disease Grading\1. Original Images\b. Testing Set\IDRiD_011.jpg,IDRiD_011,4288,2848,3,1.5056179775280898,0.4014921188354492,55.8749,49.29042,test
B. Disease Grading\1. Original Images\b. Testing Set\IDRiD_012.jpg,IDRiD_012,4288,2848,3,1.5056179775280898,0.41672325134277344,61.863506,67.22815,test
B. Disease Grading\1. Original Images\b. Testing Set\IDRiD_013.jpg,IDRiD_013,4288,2848,3,1.5056179775280898,0.3615407943725586,71.49768,79.090126,test
B. Disease Grading\1. Original Images\b. Testing Set\IDRiD_014.jpg,IDRiD_014,4288,2848,3,1.5056179775280898,0.3468284606933594,72.99423,86.072296,test
B. Disease Grading\1. Original Images\b. Testing Set\IDRiD_015.jpg,IDRiD_015,4288,2848,3,1.5056179775280898,0.36310386657714844,55.500477,62.472755,test
B. Disease Grading\1. Original Images\b. Testing Set\IDRiD_016.jpg,IDRiD_016,4288,2848,3,1.5056179775280898,0.33459949493408203,54.73596,67.380585,test
B. Disease Grading\1. Original Images\b. Testing Set\IDRiD_017.jpg,IDRiD_017,4288,2848,3,1.5056179775280898,0.4016380310058594,50.904545,42.386047,test
B. Disease Grading\1. Original Images\b. Testing Set\IDRiD_018.jpg,IDRiD_018,4288,2848,3,1.5056179775280898,0.4300098419189453,71.25444,64.39861,test
B. Disease Grading\1. Original Images\b. Testing Set\IDRiD_019.jpg,IDRiD_019,4288,2848,3,1.5056179775280898,0.3876047134399414,71.48714,69.38512,test
B. Disease Grading\1. Original Images\b. Testing Set\IDRiD_020.jpg,IDRiD_020,4288,2848,3,1.5056179775280898,0.3983192443847656,68.578445,68.999084,test
B. Disease Grading\1. Original Images\b. Testing Set\IDRiD_021.jpg,IDRiD_021,4288,2848,3,1.5056179775280898,0.36916255950927734,69.5553,79.70423,test
B. Disease Grading\1. Original Images\b. Testing Set\IDRiD_022.jpg,IDRiD_022,4288,2848,3,1.5056179775280898,0.3581809997558594,69.65603,79.38478,test
B. Disease Grading\1. Original Images\b. Testing Set\IDRiD_023.jpg,IDRiD_023,4288,2848,3,1.5056179775280898,0.39238452911376953,72.87032,56.47537,test
B. Disease Grading\1. Original Images\b. Testing Set\IDRiD_024.jpg,IDRiD_024,4288,2848,3,1.5056179775280898,0.22964763641357422,47.554173,62.234894,test
B. Disease Grading\1. Original Images\b. Testing Set\IDRiD_025.jpg,IDRiD_025,4288,2848,3,1.5056179775280898,0.3688316345214844,69.19491,72.347916,test
B. Disease Grading\1. Original Images\b. Testing Set\IDRiD_026.jpg,IDRiD_026,4288,2848,3,1.5056179775280898,0.38353443145751953,69.30843,72.78099,test
B. Disease Grading\1. Original Images\b. Testing Set\IDRiD_027.jpg,IDRiD_027,4288,2848,3,1.5056179775280898,0.3611154556274414,73.53732,78.027275,test
B. Disease Grading\1. Original Images\b. Testing Set\IDRiD_028.jpg,IDRiD_028,4288,2848,3,1.5056179775280898,0.3699350357055664,67.73166,68.20213,test
B. Disease Grading\1. Original Images\b. Testing Set\IDRiD_029.jpg,IDRiD_029,4288,2848,3,1.5056179775280898,0.3878612518310547,81.600174,68.32436,test
B. Disease Grading\1. Original Images\b. Testing Set\IDRiD_030.jpg,IDRiD_030,4288,2848,3,1.5056179775280898,0.41020679473876953,67.249405,62.49436,test
B. Disease Grading\1. Original Images\b. Testing Set\IDRiD_031.jpg,IDRiD_031,4288,2848,3,1.5056179775280898,0.3882789611816406,55.846695,61.521458,test
B. Disease Grading\1. Original Images\b. Testing Set\IDRiD_032.jpg,IDRiD_032,4288,2848,3,1.5056179775280898,0.3804512023925781,57.59593,62.521763,test
B. Disease Grading\1. Original Images\b. Testing Set\IDRiD_033.jpg,IDRiD_033,4288,2848,3,1.5056179775280898,0.37182044982910156,72.76838,66.55065,test
B. Disease Grading\1. Original Images\b. Testing Set\IDRiD_034.jpg,IDRiD_034,4288,2848,3,1.5056179775280898,0.4036083221435547,57.75893,62.955177,test
B. Disease Grading\1. Original Images\b. Testing Set\IDRiD_035.jpg,IDRiD_035,4288,2848,3,1.5056179775280898,0.41680908203125,60.02521,64.85977,test
B. Disease Grading\1. Original Images\b. Testing Set\IDRiD_036.jpg,IDRiD_036,4288,2848,3,1.5056179775280898,0.36974239349365234,72.572556,71.47306,test
B. Disease Grading\1. Original Images\b. Testing Set\IDRiD_037.jpg,IDRiD_037,4288,2848,3,1.5056179775280898,0.3990907669067383,68.64761,67.680336,test
B. Disease Grading\1. Original Images\b. Testing Set\IDRiD_038.jpg,IDRiD_038,4288,2848,3,1.5056179775280898,0.38164520263671875,52.709972,61.893864,test
B. Disease Grading\1. Original Images\b. Testing Set\IDRiD_039.jpg,IDRiD_039,4288,2848,3,1.5056179775280898,0.3602933883666992,52.27506,63.14888,test
B. Disease Grading\1. Original Images\b. Testing Set\IDRiD_040.jpg,IDRiD_040,4288,2848,3,1.5056179775280898,0.36553287506103516,63.058876,71.7573,test
B. Disease Grading\1. Original Images\b. Testing Set\IDRiD_041.jpg,IDRiD_041,4288,2848,3,1.5056179775280898,0.3933868408203125,78.85648,70.15235,test
B. Disease Grading\1. Original Images\b. Testing Set\IDRiD_042.jpg,IDRiD_042,4288,2848,3,1.5056179775280898,0.34557628631591797,63.637535,73.291855,test
B. Disease Grading\1. Original Images\b. Testing Set\IDRiD_043.jpg,IDRiD_043,4288,2848,3,1.5056179775280898,0.3924427032470703,67.73968,67.59655,test
B. Disease Grading\1. Original Images\b. Testing Set\IDRiD_044.jpg,IDRiD_044,4288,2848,3,1.5056179775280898,0.40262794494628906,64.94924,61.210155,test
B. Disease Grading\1. Original Images\b. Testing Set\IDRiD_045.jpg,IDRiD_045,4288,2848,3,1.5056179775280898,0.37586498260498047,66.65303,65.207985,test
B. Disease Grading\1. Original Images\b. Testing Set\IDRiD_046.jpg,IDRiD_046,4288,2848,3,1.5056179775280898,0.37891674041748047,74.51351,75.30539,test
B. Disease Grading\1. Original Images\b. Testing Set\IDRiD_047.jpg,IDRiD_047,4288,2848,3,1.5056179775280898,0.4052877426147461,62.982746,61.237225,test
B. Disease Grading\1. Original Images\b. Testing Set\IDRiD_048.jpg,IDRiD_048,4288,2848,3,1.5056179775280898,0.37770748138427734,79.48398,67.916626,test
B. Disease Grading\1. Original Images\b. Testing Set\IDRiD_049.jpg,IDRiD_049,4288,2848,3,1.5056179775280898,0.3851795196533203,49.645866,48.309776,test
B. Disease Grading\1. Original Images\b. Testing Set\IDRiD_050.jpg,IDRiD_050,4288,2848,3,1.5056179775280898,0.37055492401123047,69.55836,67.28317,test
B. Disease Grading\1. Original Images\b. Testing Set\IDRiD_051.jpg,IDRiD_051,4288,2848,3,1.5056179775280898,0.35854434967041016,42.198177,44.913406,test
B. Disease Grading\1. Original Images\b. Testing Set\IDRiD_052.jpg,IDRiD_052,4288,2848,3,1.5056179775280898,0.37370872497558594,66.85539,71.25068,test
B. Disease Grading\1. Original Images\b. Testing Set\IDRiD_053.jpg,IDRiD_053,4288,2848,3,1.5056179775280898,0.37728309631347656,56.251045,65.17144,test
B. Disease Grading\1. Original Images\b. Testing Set\IDRiD_054.jpg,IDRiD_054,4288,2848,3,1.5056179775280898,0.3873891830444336,73.56662,75.81806,test
B. Disease Grading\1. Original Images\b. Testing Set\IDRiD_055.jpg,IDRiD_055,4288,2848,3,1.5056179775280898,0.4018573760986328,57.10864,65.370804,test
B. Disease Grading\1. Original Images\b. Testing Set\IDRiD_056.jpg,IDRiD_056,4288,2848,3,1.5056179775280898,0.3886375427246094,62.98251,62.9766,test
B. Disease Grading\1. Original Images\b. Testing Set\IDRiD_057.jpg,IDRiD_057,4288,2848,3,1.5056179775280898,0.39247894287109375,53.922485,59.293976,test
B. Disease Grading\1. Original Images\b. Testing Set\IDRiD_058.jpg,IDRiD_058,4288,2848,3,1.5056179775280898,0.3751392364501953,55.232132,60.53765,test
B. Disease Grading\1. Original Images\b. Testing Set\IDRiD_059.jpg,IDRiD_059,4288,2848,3,1.5056179775280898,0.3823699951171875,56.105427,65.636475,test
B. Disease Grading\1. Original Images\b. Testing Set\IDRiD_060.jpg,IDRiD_060,4288,2848,3,1.5056179775280898,0.42038440704345703,66.78258,61.95487,test
B. Disease Grading\1. Original Images\b. Testing Set\IDRiD_061.jpg,IDRiD_061,4288,2848,3,1.5056179775280898,0.35898399353027344,61.068375,68.42849,test
B. Disease Grading\1. Original Images\b. Testing Set\IDRiD_062.jpg,IDRiD_062,4288,2848,3,1.5056179775280898,0.3791933059692383,66.13943,71.38312,test
B. Disease Grading\1. Original Images\b. Testing Set\IDRiD_063.jpg,IDRiD_063,4288,2848,3,1.5056179775280898,0.42252063751220703,72.161,63.281006,test
B. Disease Grading\1. Original Images\b. Testing Set\IDRiD_064.jpg,IDRiD_064,4288,2848,3,1.5056179775280898,0.38795948028564453,57.85053,65.81975,test
B. Disease Grading\1. Original Images\b. Testing Set\IDRiD_065.jpg,IDRiD_065,4288,2848,3,1.5056179775280898,0.37471485137939453,61.474434,70.66955,test
B. Disease Grading\1. Original Images\b. Testing Set\IDRiD_066.jpg,IDRiD_066,4288,2848,3,1.5056179775280898,0.3861885070800781,46.360886,51.08536,test
B. Disease Grading\1. Original Images\b. Testing Set\IDRiD_067.jpg,IDRiD_067,4288,2848,3,1.5056179775280898,0.35492610931396484,59.75209,69.88091,test
B. Disease Grading\1. Original Images\b. Testing Set\IDRiD_068.jpg,IDRiD_068,4288,2848,3,1.5056179775280898,0.3802938461303711,67.42546,70.76138,test
B. Disease Grading\1. Original Images\b. Testing Set\IDRiD_069.jpg,IDRiD_069,4288,2848,3,1.5056179775280898,0.3596057891845703,47.598713,58.984337,test
B. Disease Grading\1. Original Images\b. Testing Set\IDRiD_070.jpg,IDRiD_070,4288,2848,3,1.5056179775280898,0.36551952362060547,75.05635,64.631645,test
B. Disease Grading\1. Original Images\b. Testing Set\IDRiD_071.jpg,IDRiD_071,4288,2848,3,1.5056179775280898,0.34686851501464844,36.955788,43.901947,test
B. Disease Grading\1. Original Images\b. Testing Set\IDRiD_072.jpg,IDRiD_072,4288,2848,3,1.5056179775280898,0.23423480987548828,56.701878,71.153755,test
B. Disease Grading\1. Original Images\b. Testing Set\IDRiD_073.jpg,IDRiD_073,4288,2848,3,1.5056179775280898,0.28234195709228516,46.262,58.485294,test
B. Disease Grading\1. Original Images\b. Testing Set\IDRiD_074.jpg,IDRiD_074,4288,2848,3,1.5056179775280898,0.41040611267089844,52.11566,57.956646,test
B. Disease Grading\1. Original Images\b. Testing Set\IDRiD_075.jpg,IDRiD_075,4288,2848,3,1.5056179775280898,0.3893566131591797,60.231133,72.54011,test
B. Disease Grading\1. Original Images\b. Testing Set\IDRiD_076.jpg,IDRiD_076,4288,2848,3,1.5056179775280898,0.39626312255859375,48.31513,49.31892,test
B. Disease Grading\1. Original Images\b. Testing Set\IDRiD_077.jpg,IDRiD_077,4288,2848,3,1.5056179775280898,0.37605762481689453,57.068745,57.84293,test
B. Disease Grading\1. Original Images\b. Testing Set\IDRiD_078.jpg,IDRiD_078,4288,2848,3,1.5056179775280898,0.40097904205322266,56.448254,64.911354,test
B. Disease Grading\1. Original Images\b. Testing Set\IDRiD_079.jpg,IDRiD_079,4288,2848,3,1.5056179775280898,0.402008056640625,57.080067,62.112175,test
B. Disease Grading\1. Original Images\b. Testing Set\IDRiD_080.jpg,IDRiD_080,4288,2848,3,1.5056179775280898,0.44188594818115234,67.24606,61.89466,test
B. Disease Grading\1. Original Images\b. Testing Set\IDRiD_081.jpg,IDRiD_081,4288,2848,3,1.5056179775280898,0.30965518951416016,62.336567,77.7786,test
B. Disease Grading\1. Original Images\b. Testing Set\IDRiD_082.jpg,IDRiD_082,4288,2848,3,1.5056179775280898,0.3284158706665039,48.52988,59.30512,test
B. Disease Grading\1. Original Images\b. Testing Set\IDRiD_083.jpg,IDRiD_083,4288,2848,3,1.5056179775280898,0.2787618637084961,66.0251,82.7949,test
B. Disease Grading\1. Original Images\b. Testing Set\IDRiD_084.jpg,IDRiD_084,4288,2848,3,1.5056179775280898,0.41947364807128906,56.61059,53.273403,test
B. Disease Grading\1. Original Images\b. Testing Set\IDRiD_085.jpg,IDRiD_085,4288,2848,3,1.5056179775280898,0.3725767135620117,65.74587,69.99509,test
B. Disease Grading\1. Original Images\b. Testing Set\IDRiD_086.jpg,IDRiD_086,4288,2848,3,1.5056179775280898,0.4124422073364258,57.661526,63.099354,test
B. Disease Grading\1. Original Images\b. Testing Set\IDRiD_087.jpg,IDRiD_087,4288,2848,3,1.5056179775280898,0.7130661010742188,55.85603,68.35722,test
B. Disease Grading\1. Original Images\b. Testing Set\IDRiD_088.jpg,IDRiD_088,4288,2848,3,1.5056179775280898,0.7989139556884766,63.55071,65.66515,test
B. Disease Grading\1. Original Images\b. Testing Set\IDRiD_089.jpg,IDRiD_089,4288,2848,3,1.5056179775280898,0.8067398071289062,59.449997,61.388012,test
B. Disease Grading\1. Original Images\b. Testing Set\IDRiD_090.jpg,IDRiD_090,4288,2848,3,1.5056179775280898,0.7581567764282227,72.021614,62.78948,test
B. Disease Grading\1. Original Images\b. Testing Set\IDRiD_091.jpg,IDRiD_091,4288,2848,3,1.5056179775280898,0.7104520797729492,50.84585,62.497208,test
B. Disease Grading\1. Original Images\b. Testing Set\IDRiD_092.jpg,IDRiD_092,4288,2848,3,1.5056179775280898,0.6636247634887695,34.243458,35.834385,test
B. Disease Grading\1. Original Images\b. Testing Set\IDRiD_093.jpg,IDRiD_093,4288,2848,3,1.5056179775280898,0.721074104309082,50.202854,56.66328,test
B. Disease Grading\1. Original Images\b. Testing Set\IDRiD_094.jpg,IDRiD_094,4288,2848,3,1.5056179775280898,0.7252492904663086,65.25525,64.04353,test
B. Disease Grading\1. Original Images\b. Testing Set\IDRiD_095.jpg,IDRiD_095,4288,2848,3,1.5056179775280898,0.7263021469116211,60.878227,58.905224,test
B. Disease Grading\1. Original Images\b. Testing Set\IDRiD_096.jpg,IDRiD_096,4288,2848,3,1.5056179775280898,0.7717294692993164,59.727802,62.93775,test
B. Disease Grading\1. Original Images\b. Testing Set\IDRiD_097.jpg,IDRiD_097,4288,2848,3,1.5056179775280898,0.7538595199584961,60.826973,55.90244,test
B. Disease Grading\1. Original Images\b. Testing Set\IDRiD_098.jpg,IDRiD_098,4288,2848,3,1.5056179775280898,0.6197414398193359,30.248257,32.929962,test
B. Disease Grading\1. Original Images\b. Testing Set\IDRiD_099.jpg,IDRiD_099,4288,2848,3,1.5056179775280898,0.39815711975097656,67.548706,64.94156,test
B. Disease Grading\1. Original Images\b. Testing Set\IDRiD_100.jpg,IDRiD_100,4288,2848,3,1.5056179775280898,0.7182846069335938,50.915775,61.344402,test
B. Disease Grading\1. Original Images\b. Testing Set\IDRiD_101.jpg,IDRiD_101,4288,2848,3,1.5056179775280898,0.7121095657348633,52.139862,62.562126,test
B. Disease Grading\1. Original Images\b. Testing Set\IDRiD_102.jpg,IDRiD_102,4288,2848,3,1.5056179775280898,0.6658143997192383,67.10826,81.45595,test
B. Disease Grading\1. Original Images\b. Testing Set\IDRiD_103.jpg,IDRiD_103,4288,2848,3,1.5056179775280898,0.7766618728637695,58.89381,63.82633,test
